﻿Designator,Quantity,Value,Footprint,Package,MPN,DNP,Mount_Type,Description,Sim.Device,Sim.Pins
D3,1,1N4001,D_DO-41_SOD81_P10.16mm_Horizontal,,,,tht,"50V 1A General Purpose Rectifier Diode, DO-41",D,1=K 2=A
DEV1,1,Conn_01x14_Socket,PinSocket_1x15_P2.54mm_Vertical,,,,tht,"Generic connector, single row, 01x15, script generated",,
"DEV2, DEVE1, DEVE2",3,~,PinSocket_1x15_P2.54mm_Vertical,,,,tht,"Generic connector, single row, 01x15, script generated",,
"HBE1, HV1, HVE1, LV1, LVE1",5,Conn_01x06_Socket,PinSocket_1x06_P2.54mm_Vertical,,,,tht,"Generic connector, single row, 01x06, script generated",,
HBE2,1,Conn_01x04_Socket,PinHeader_1x04_P2.54mm_Vertical,,,,tht,"Generic connector, single row, 01x04, script generated",,
"HBIN1, HBIN2, HBOUT1, HBOUT2, HBP1",5,Conn_01x02_Socket,PinSocket_1x02_P2.54mm_Vertical,,,,tht,"Generic connector, single row, 01x02, script generated",,
J1,1,Screw_Terminal_01x02,TerminalBlock_bornier-2_P5.08mm,,,,tht,"Generic screw terminal, single row, 01x02, script generated (kicad-library-utils/schlib/autogen/connector/)",,
J2,1,Conn_02x04_Counter_Clockwise,PinHeader_2x04_P2.54mm_Vertical,,,,tht,"Generic connector, double row, 02x04, odd/even pin numbering scheme (row 1 odd numbers, row 2 even numbers), script generated (kicad-library-utils/schlib/autogen/connector/)",,
U3,1,L7805,TO-220-3_Vertical,,,,tht,"Positive 1.5A 35V Linear Regulator, Fixed Output 5V, TO-220/TO-263/TO-252",,
"UNK_HOLE_1, UNK_HOLE_1, UNK_HOLE_1, UNK_HOLE_1",4,,dummyfp1,,,,tht,,,
