﻿pos_x,pos_y,rotation,side,designator,mpn,pack,footprint,value,mount_type
162.56,-83.82,90.0,top,D3,,,D_DO-41_SOD81_P10.16mm_Horizontal,1N4001,tht
139.7,-73.66,0.0,top,DEV1,,,PinSocket_1x15_P2.54mm_Vertical,Conn_01x14_Socket,tht
114.3,-73.66,0.0,top,DEV2,,,PinSocket_1x15_P2.54mm_Vertical,~,tht
149.86,-73.66,0.0,top,DEVE1,,,PinSocket_1x15_P2.54mm_Vertical,~,tht
104.14,-73.66,0.0,top,DEVE2,,,PinSocket_1x15_P2.54mm_Vertical,~,tht
149.86,-124.46,0.0,top,HBE1,,,PinSocket_1x06_P2.54mm_Vertical,Conn_01x06_Socket,tht
190.5,-129.54,0.0,top,HBE2,,,PinHeader_1x04_P2.54mm_Vertical,Conn_01x04_Socket,tht
165.1,-128.62,0.0,top,HBIN1,,,PinSocket_1x02_P2.54mm_Vertical,Conn_01x02_Socket,tht
165.1,-134.62,0.0,top,HBIN2,,,PinSocket_1x02_P2.54mm_Vertical,Conn_01x02_Socket,tht
178.9,-128.62,0.0,top,HBOUT1,,,PinSocket_1x02_P2.54mm_Vertical,Conn_01x02_Socket,tht
178.9,-134.62,0.0,top,HBOUT2,,,PinSocket_1x02_P2.54mm_Vertical,Conn_01x02_Socket,tht
162.1,-120.62,0.0,top,HBP1,,,PinSocket_1x02_P2.54mm_Vertical,Conn_01x02_Socket,tht
124.3,-124.46,0.0,top,HV1,,,PinSocket_1x06_P2.54mm_Vertical,Conn_01x06_Socket,tht
134.62,-124.46,0.0,top,HVE1,,,PinSocket_1x06_P2.54mm_Vertical,Conn_01x06_Socket,tht
182.88,-101.6,-90.0,top,J1,,,TerminalBlock_bornier-2_P5.08mm,Screw_Terminal_01x02,tht
170.18,-91.44,-90.0,top,J2,,,PinHeader_2x04_P2.54mm_Vertical,Conn_02x04_Counter_Clockwise,tht
114.3,-124.46,0.0,top,LV1,,,PinSocket_1x06_P2.54mm_Vertical,Conn_01x06_Socket,tht
104.14,-124.46,0.0,top,LVE1,,,PinSocket_1x06_P2.54mm_Vertical,Conn_01x06_Socket,tht
182.88,-73.66,180.0,top,U3,,,TO-220-3_Vertical,L7805,tht
